               epoch,      train/box_loss,      train/obj_loss,      train/cls_loss,   metrics/precision,      metrics/recall,     metrics/mAP_0.5,metrics/mAP_0.5:0.95,        val/box_loss,        val/obj_loss,        val/cls_loss,               x/lr0,               x/lr1,               x/lr2
                   0,             0.18164,            0.017301,                   0,          2.8542e-05,           0.0011101,          1.4709e-05,          3.7281e-06,             0.16379,             0.01447,                   0,            0.070146,           0.0033171,           0.0033171
                   1,              0.1597,            0.014517,                   0,           0.0017113,            0.051146,           0.0020927,          0.00042879,             0.15331,            0.017468,                   0,            0.040124,           0.0066285,           0.0066285
                   2,             0.15263,            0.017498,                   0,            0.073622,            0.043851,            0.014039,            0.004272,             0.14684,            0.023155,                   0,             0.01008,           0.0099178,           0.0099178
                   3,             0.15039,            0.018378,                   0,             0.12788,              0.0923,            0.033371,           0.0083634,              0.1436,            0.023101,                   0,            0.009901,            0.009901,            0.009901
                   4,             0.14775,            0.020881,                   0,             0.14797,             0.10665,            0.046125,            0.011662,               0.142,            0.023902,                   0,            0.009901,            0.009901,            0.009901
                   5,             0.14688,            0.021208,                   0,             0.17783,             0.11062,            0.057076,            0.014312,             0.14122,            0.024482,                   0,            0.009868,            0.009868,            0.009868
                   6,             0.14564,            0.021924,                   0,              0.1947,             0.11696,            0.063492,            0.014973,             0.14007,            0.025402,                   0,            0.009835,            0.009835,            0.009835
                   7,             0.14518,            0.022644,                   0,             0.19482,             0.13385,            0.072354,            0.018968,             0.13938,            0.026059,                   0,            0.009802,            0.009802,            0.009802
                   8,             0.14534,             0.02127,                   0,             0.20347,             0.13195,            0.079033,            0.020015,             0.13928,            0.025904,                   0,            0.009769,            0.009769,            0.009769
                   9,             0.14442,            0.023765,                   0,             0.22131,              0.1306,            0.077711,            0.021193,             0.13861,            0.026075,                   0,            0.009736,            0.009736,            0.009736
                  10,             0.14382,            0.023251,                   0,             0.24856,               0.149,             0.10051,            0.032783,             0.13764,            0.027356,                   0,            0.009703,            0.009703,            0.009703
                  11,             0.14427,            0.022942,                   0,             0.24936,             0.14817,            0.096508,            0.022937,             0.13784,            0.026493,                   0,             0.00967,             0.00967,             0.00967
                  12,             0.14351,            0.023742,                   0,               0.257,             0.14353,            0.093074,            0.022078,             0.13697,            0.028092,                   0,            0.009637,            0.009637,            0.009637
                  13,             0.14327,            0.024377,                   0,             0.27793,             0.14987,             0.10669,            0.031981,             0.13648,            0.028751,                   0,            0.009604,            0.009604,            0.009604
                  14,             0.14198,            0.025119,                   0,             0.26761,             0.14844,             0.10509,            0.026847,             0.13573,            0.029219,                   0,            0.009571,            0.009571,            0.009571
                  15,             0.14248,            0.025655,                   0,             0.26819,              0.1582,             0.10959,            0.033026,             0.13543,            0.028403,                   0,            0.009538,            0.009538,            0.009538
                  16,             0.14031,            0.027617,                   0,             0.29397,              0.1643,             0.12555,             0.04071,              0.1345,            0.030114,                   0,            0.009505,            0.009505,            0.009505
                  17,             0.14059,            0.027505,                   0,             0.26489,             0.15923,             0.10823,            0.023688,             0.13483,            0.028867,                   0,            0.009472,            0.009472,            0.009472
                  18,             0.14059,            0.027118,                   0,             0.25445,             0.16176,             0.10915,            0.028293,             0.13393,            0.030899,                   0,            0.009439,            0.009439,            0.009439
                  19,             0.14053,            0.027183,                   0,             0.27263,             0.16486,             0.12203,            0.037017,             0.13364,            0.030602,                   0,            0.009406,            0.009406,            0.009406
                  20,             0.14041,            0.027503,                   0,             0.30771,             0.16684,             0.12933,            0.037877,             0.13328,            0.031269,                   0,            0.009373,            0.009373,            0.009373
                  21,              0.1405,            0.026854,                   0,             0.31026,             0.17897,             0.13513,            0.041235,             0.13287,            0.030003,                   0,             0.00934,             0.00934,             0.00934
                  22,             0.14056,            0.028029,                   0,             0.33335,             0.18777,             0.14902,            0.045768,             0.13148,            0.030951,                   0,            0.009307,            0.009307,            0.009307
                  23,             0.13957,            0.027294,                   0,             0.32898,             0.18143,             0.14631,            0.041165,             0.13135,            0.031573,                   0,            0.009274,            0.009274,            0.009274
                  24,             0.13956,            0.027706,                   0,             0.33041,             0.18841,             0.15142,             0.04522,             0.13147,            0.031756,                   0,            0.009241,            0.009241,            0.009241
                  25,             0.14021,            0.027309,                   0,             0.29794,             0.15296,             0.11816,             0.03472,             0.13264,            0.034468,                   0,            0.009208,            0.009208,            0.009208
                  26,             0.13983,            0.028911,                   0,             0.32598,             0.17968,             0.14351,            0.045142,             0.13332,            0.030414,                   0,            0.009175,            0.009175,            0.009175
                  27,             0.13861,            0.028944,                   0,             0.35659,             0.19309,             0.16028,            0.053186,             0.13049,            0.032009,                   0,            0.009142,            0.009142,            0.009142
                  28,             0.13867,            0.028955,                   0,             0.35258,              0.1919,             0.15875,            0.050429,              0.1302,            0.032148,                   0,            0.009109,            0.009109,            0.009109
                  29,              0.1393,            0.027388,                   0,             0.36696,             0.18674,             0.16063,            0.048574,             0.12986,            0.031782,                   0,            0.009076,            0.009076,            0.009076
                  30,             0.13754,            0.028319,                   0,              0.3553,             0.19134,             0.16011,             0.04627,             0.12991,            0.033001,                   0,            0.009043,            0.009043,            0.009043
                  31,             0.13736,            0.028578,                   0,             0.35397,             0.20189,             0.16887,            0.055921,             0.12975,            0.032755,                   0,             0.00901,             0.00901,             0.00901
                  32,             0.13722,            0.029467,                   0,              0.3576,             0.21465,               0.176,            0.056129,             0.12925,            0.033021,                   0,            0.008977,            0.008977,            0.008977
                  33,             0.13803,            0.029564,                   0,             0.36234,             0.20064,             0.17113,            0.056754,             0.12949,            0.032531,                   0,            0.008944,            0.008944,            0.008944
                  34,             0.13853,            0.028791,                   0,             0.35224,             0.18777,             0.15796,            0.046415,             0.12907,            0.034109,                   0,            0.008911,            0.008911,            0.008911
                  35,             0.13713,            0.029733,                   0,             0.34278,             0.18952,             0.15685,            0.052204,             0.13005,            0.033878,                   0,            0.008878,            0.008878,            0.008878
                  36,              0.1378,            0.028723,                   0,             0.32919,             0.20942,             0.16032,            0.047781,             0.12938,            0.034058,                   0,            0.008845,            0.008845,            0.008845
                  37,             0.13758,            0.029732,                   0,              0.3711,             0.20664,             0.17722,            0.059168,             0.12839,            0.033503,                   0,            0.008812,            0.008812,            0.008812
                  38,             0.13772,            0.028585,                   0,             0.37382,              0.2063,             0.17375,            0.054099,             0.12827,            0.033496,                   0,            0.008779,            0.008779,            0.008779
                  39,             0.13662,             0.02998,                   0,             0.37616,             0.21584,             0.18701,            0.060841,             0.12728,            0.033984,                   0,            0.008746,            0.008746,            0.008746
                  40,             0.13749,            0.028643,                   0,             0.38625,             0.20712,             0.17889,            0.054871,             0.12802,            0.032684,                   0,            0.008713,            0.008713,            0.008713
                  41,             0.13539,            0.029646,                   0,             0.40259,             0.21109,             0.18964,            0.063211,             0.12752,             0.03424,                   0,             0.00868,             0.00868,             0.00868
                  42,              0.1363,            0.029932,                   0,             0.36384,             0.22131,             0.18327,            0.057588,             0.12795,            0.031957,                   0,            0.008647,            0.008647,            0.008647
                  43,              0.1365,            0.029893,                   0,              0.3647,             0.21315,             0.18282,            0.058354,             0.12771,            0.033491,                   0,            0.008614,            0.008614,            0.008614
                  44,             0.13636,            0.029297,                   0,             0.38573,             0.22615,             0.19644,            0.063241,             0.12721,            0.032667,                   0,            0.008581,            0.008581,            0.008581
                  45,             0.13579,            0.030622,                   0,             0.39391,             0.21727,              0.1906,            0.062878,             0.12755,            0.033083,                   0,            0.008548,            0.008548,            0.008548
                  46,             0.13642,            0.029059,                   0,             0.37726,             0.22988,             0.19659,            0.064077,             0.12685,            0.033137,                   0,            0.008515,            0.008515,            0.008515
                  47,             0.13431,            0.031265,                   0,             0.40238,             0.23043,             0.20924,            0.069404,             0.12655,            0.032583,                   0,            0.008482,            0.008482,            0.008482
                  48,             0.13429,            0.029987,                   0,             0.41525,             0.22441,             0.19801,            0.060749,             0.12648,            0.033992,                   0,            0.008449,            0.008449,            0.008449
                  49,             0.13588,            0.030499,                   0,              0.4191,             0.22169,             0.20353,            0.063794,             0.12655,            0.034417,                   0,            0.008416,            0.008416,            0.008416
                  50,             0.13666,            0.028681,                   0,             0.39564,             0.21823,              0.1949,            0.063692,             0.12716,             0.03291,                   0,            0.008383,            0.008383,            0.008383
                  51,             0.13574,            0.029951,                   0,             0.39498,             0.24169,             0.21735,            0.073422,             0.12632,            0.032442,                   0,             0.00835,             0.00835,             0.00835
                  52,             0.13517,            0.030605,                   0,             0.40768,              0.2405,             0.21743,            0.070675,             0.12564,            0.034513,                   0,            0.008317,            0.008317,            0.008317
                  53,             0.13476,             0.03062,                   0,              0.3973,             0.24677,             0.22672,            0.077391,             0.12594,            0.032831,                   0,            0.008284,            0.008284,            0.008284
                  54,             0.13512,              0.0293,                   0,             0.36091,              0.2298,             0.18881,            0.050311,             0.12802,            0.031353,                   0,            0.008251,            0.008251,            0.008251
                  55,             0.13511,            0.030289,                   0,             0.41351,             0.23797,             0.21292,            0.069525,             0.12613,            0.032711,                   0,            0.008218,            0.008218,            0.008218
                  56,             0.13543,            0.030215,                   0,             0.41625,             0.24074,              0.2204,            0.071713,             0.12521,            0.034255,                   0,            0.008185,            0.008185,            0.008185
                  57,             0.13499,            0.030981,                   0,             0.44372,             0.23329,             0.21868,            0.073527,             0.12554,            0.033616,                   0,            0.008152,            0.008152,            0.008152
                  58,             0.13638,            0.029578,                   0,             0.42899,              0.2505,             0.22971,            0.078016,             0.12513,            0.033618,                   0,            0.008119,            0.008119,            0.008119
                  59,             0.13504,            0.031153,                   0,             0.42746,             0.24423,              0.2284,            0.075819,             0.12492,            0.033861,                   0,            0.008086,            0.008086,            0.008086
                  60,             0.13331,            0.031483,                   0,             0.40842,             0.23868,             0.21329,            0.069562,             0.12646,            0.031974,                   0,            0.008053,            0.008053,            0.008053
                  61,             0.13434,             0.03026,                   0,             0.44877,             0.24328,             0.23263,            0.080893,             0.12525,            0.033069,                   0,             0.00802,             0.00802,             0.00802
                  62,             0.13379,            0.029905,                   0,             0.44856,             0.24401,             0.22821,            0.072543,             0.12491,            0.033618,                   0,            0.007987,            0.007987,            0.007987
                  63,             0.13514,            0.030841,                   0,             0.41846,             0.26128,             0.23646,            0.078931,             0.12428,            0.033696,                   0,            0.007954,            0.007954,            0.007954
                  64,             0.13441,            0.028547,                   0,             0.41002,             0.25264,             0.22597,            0.073638,             0.12482,            0.032611,                   0,            0.007921,            0.007921,            0.007921
                  65,             0.13468,            0.030832,                   0,             0.43001,              0.2505,             0.23203,            0.076567,             0.12472,            0.032965,                   0,            0.007888,            0.007888,            0.007888
                  66,             0.13595,            0.029345,                   0,             0.44421,             0.24932,             0.23792,            0.078354,             0.12384,            0.033846,                   0,            0.007855,            0.007855,            0.007855
                  67,             0.13535,            0.030109,                   0,              0.4512,             0.25565,             0.24545,            0.081343,             0.12371,            0.033065,                   0,            0.007822,            0.007822,            0.007822
                  68,             0.13429,            0.030293,                   0,             0.40425,             0.25042,             0.22009,            0.070303,             0.12475,            0.033749,                   0,            0.007789,            0.007789,            0.007789
                  69,             0.13341,            0.032199,                   0,             0.45417,             0.25224,             0.24219,            0.079411,             0.12361,            0.034125,                   0,            0.007756,            0.007756,            0.007756
                  70,             0.13385,            0.030445,                   0,             0.43057,             0.25835,             0.23628,            0.076783,             0.12427,            0.032589,                   0,            0.007723,            0.007723,            0.007723
                  71,              0.1331,             0.03076,                   0,             0.46694,             0.25335,             0.24608,            0.083934,             0.12431,            0.032689,                   0,             0.00769,             0.00769,             0.00769
                  72,             0.13434,            0.030021,                   0,             0.43671,             0.25652,             0.23563,            0.074513,             0.12378,            0.034165,                   0,            0.007657,            0.007657,            0.007657
                  73,             0.13372,            0.030814,                   0,             0.46534,             0.26247,             0.25349,            0.083975,              0.1232,            0.033615,                   0,            0.007624,            0.007624,            0.007624
                  74,             0.13345,             0.03012,                   0,             0.43141,              0.2562,             0.23727,             0.07598,             0.12445,            0.033117,                   0,            0.007591,            0.007591,            0.007591
                  75,             0.13325,            0.030587,                   0,             0.44106,             0.26406,             0.24225,            0.075642,              0.1245,            0.032602,                   0,            0.007558,            0.007558,            0.007558
                  76,             0.13306,            0.030879,                   0,             0.43247,             0.26342,             0.24409,            0.080162,             0.12402,            0.032413,                   0,            0.007525,            0.007525,            0.007525
                  77,             0.13388,            0.029914,                   0,             0.46195,              0.2635,             0.25597,            0.085649,             0.12344,             0.03377,                   0,            0.007492,            0.007492,            0.007492
                  78,             0.13309,            0.030974,                   0,             0.44025,             0.25589,             0.23899,             0.08055,             0.12361,            0.035199,                   0,            0.007459,            0.007459,            0.007459
                  79,             0.13333,             0.03036,                   0,             0.44518,             0.26279,             0.24684,            0.078764,             0.12397,            0.033391,                   0,            0.007426,            0.007426,            0.007426
                  80,             0.13173,            0.031272,                   0,             0.45409,             0.26953,              0.2554,            0.086964,             0.12328,            0.033125,                   0,            0.007393,            0.007393,            0.007393
                  81,             0.13305,            0.030923,                   0,             0.47572,              0.2677,             0.26326,            0.090048,              0.1227,            0.033637,                   0,             0.00736,             0.00736,             0.00736
                  82,             0.13284,             0.03128,                   0,             0.44743,             0.26215,             0.24499,            0.080898,             0.12335,             0.03364,                   0,            0.007327,            0.007327,            0.007327
                  83,             0.13448,            0.030869,                   0,             0.44858,             0.26171,             0.24577,            0.082257,             0.12334,            0.033104,                   0,            0.007294,            0.007294,            0.007294
                  84,             0.13196,            0.031411,                   0,             0.45865,             0.27008,             0.25519,            0.082075,             0.12313,            0.032718,                   0,            0.007261,            0.007261,            0.007261
                  85,             0.13327,            0.031593,                   0,             0.46872,             0.26517,             0.25839,            0.082418,             0.12263,             0.03409,                   0,            0.007228,            0.007228,            0.007228
                  86,             0.13185,             0.03138,                   0,             0.48159,             0.27888,             0.27082,            0.095532,             0.12221,            0.034229,                   0,            0.007195,            0.007195,            0.007195
                  87,              0.1323,             0.03144,                   0,             0.46296,             0.27286,             0.26313,            0.090645,             0.12293,            0.032954,                   0,            0.007162,            0.007162,            0.007162
                  88,              0.1317,            0.031946,                   0,             0.46272,             0.27508,             0.26168,            0.085568,             0.12301,            0.032457,                   0,            0.007129,            0.007129,            0.007129
                  89,             0.13267,             0.03048,                   0,             0.48544,             0.28356,              0.2735,            0.092812,             0.12205,            0.034129,                   0,            0.007096,            0.007096,            0.007096
                  90,              0.1316,            0.031962,                   0,              0.4735,             0.28102,             0.27324,            0.091987,             0.12243,            0.032898,                   0,            0.007063,            0.007063,            0.007063
                  91,             0.13211,            0.031116,                   0,              0.4811,             0.28404,             0.28026,            0.096355,             0.12177,            0.033863,                   0,             0.00703,             0.00703,             0.00703
                  92,             0.13134,            0.032259,                   0,             0.47217,             0.28301,             0.27252,            0.094729,             0.12193,            0.033483,                   0,            0.006997,            0.006997,            0.006997
                  93,             0.13136,            0.030656,                   0,             0.46515,             0.28348,             0.26546,            0.088435,             0.12228,            0.034465,                   0,            0.006964,            0.006964,            0.006964
                  94,             0.13286,            0.031435,                   0,             0.47755,             0.28467,             0.27563,            0.093892,             0.12154,            0.033902,                   0,            0.006931,            0.006931,            0.006931
                  95,             0.13172,            0.030715,                   0,             0.47347,              0.2842,             0.27381,            0.091493,             0.12224,            0.032753,                   0,            0.006898,            0.006898,            0.006898
                  96,             0.13228,            0.030603,                   0,             0.46891,             0.29419,             0.27591,            0.090074,             0.12205,            0.033523,                   0,            0.006865,            0.006865,            0.006865
                  97,             0.13089,            0.030898,                   0,             0.48614,             0.28174,             0.26708,            0.087236,              0.1221,            0.034502,                   0,            0.006832,            0.006832,            0.006832
                  98,             0.13073,            0.032395,                   0,             0.47173,             0.28697,             0.27966,            0.096036,             0.12184,            0.033709,                   0,            0.006799,            0.006799,            0.006799
                  99,             0.13208,            0.030967,                   0,             0.50074,             0.28665,             0.28246,            0.097911,              0.1213,            0.033439,                   0,            0.006766,            0.006766,            0.006766
                 100,             0.13127,            0.031432,                   0,             0.49951,             0.28554,             0.28102,            0.096763,             0.12133,            0.033802,                   0,            0.006733,            0.006733,            0.006733
                 101,             0.13222,             0.03077,                   0,             0.49104,             0.29411,             0.28762,            0.097651,             0.12129,            0.034351,                   0,              0.0067,              0.0067,              0.0067
                 102,             0.13301,            0.031377,                   0,             0.48361,               0.293,             0.28424,            0.096242,             0.12126,             0.03487,                   0,            0.006667,            0.006667,            0.006667
                 103,             0.13129,             0.03051,                   0,              0.4825,             0.29316,             0.28673,            0.095141,             0.12131,            0.033226,                   0,            0.006634,            0.006634,            0.006634
                 104,             0.13213,            0.030439,                   0,             0.44137,             0.29292,             0.26371,            0.082304,             0.12262,            0.033682,                   0,            0.006601,            0.006601,            0.006601
                 105,             0.13065,            0.031662,                   0,             0.49496,              0.2926,             0.28394,            0.090567,             0.12101,            0.033533,                   0,            0.006568,            0.006568,            0.006568
                 106,             0.13089,            0.032304,                   0,             0.48252,             0.29435,             0.28503,            0.099214,             0.12114,            0.033233,                   0,            0.006535,            0.006535,            0.006535
                 107,             0.13021,            0.030955,                   0,             0.47632,             0.30045,             0.29223,              0.1015,             0.12086,            0.033543,                   0,            0.006502,            0.006502,            0.006502
                 108,             0.13102,            0.030355,                   0,             0.49941,             0.30243,               0.295,             0.10009,             0.12048,            0.033625,                   0,            0.006469,            0.006469,            0.006469
                 109,             0.13121,            0.030133,                   0,             0.50161,             0.29474,             0.29173,             0.10127,             0.12107,            0.032711,                   0,            0.006436,            0.006436,            0.006436
                 110,             0.13114,            0.031497,                   0,             0.50478,             0.29736,             0.29864,             0.10121,             0.12014,            0.033485,                   0,            0.006403,            0.006403,            0.006403
                 111,             0.13065,            0.031923,                   0,             0.49645,             0.29855,             0.28458,            0.093576,             0.12034,            0.034965,                   0,             0.00637,             0.00637,             0.00637
                 112,             0.13101,             0.03119,                   0,             0.50207,             0.29411,             0.29205,            0.098864,             0.12094,            0.032355,                   0,            0.006337,            0.006337,            0.006337
                 113,             0.13089,            0.031349,                   0,             0.52117,             0.30687,             0.30826,             0.10454,             0.12015,             0.03379,                   0,            0.006304,            0.006304,            0.006304
                 114,             0.13097,            0.031108,                   0,             0.47947,             0.30442,             0.28836,            0.094897,             0.12063,            0.033344,                   0,            0.006271,            0.006271,            0.006271
                 115,             0.13182,            0.030731,                   0,             0.51084,             0.30561,             0.29988,             0.10564,             0.12016,            0.033266,                   0,            0.006238,            0.006238,            0.006238
                 116,             0.13132,            0.031111,                   0,             0.50602,             0.30513,             0.29844,             0.10285,             0.12012,            0.033117,                   0,            0.006205,            0.006205,            0.006205
                 117,             0.13151,            0.031906,                   0,             0.50655,             0.31373,             0.30849,             0.10583,             0.11951,            0.033546,                   0,            0.006172,            0.006172,            0.006172
                 118,             0.13019,            0.031512,                   0,             0.49085,             0.30767,             0.30157,             0.10331,             0.12054,            0.032323,                   0,            0.006139,            0.006139,            0.006139
                 119,             0.13101,             0.03146,                   0,             0.53293,             0.30584,             0.30693,             0.10632,             0.11982,             0.03376,                   0,            0.006106,            0.006106,            0.006106
                 120,             0.13116,            0.031531,                   0,              0.5114,             0.30711,              0.3068,             0.10741,             0.12001,            0.032495,                   0,            0.006073,            0.006073,            0.006073
                 121,             0.13139,            0.030516,                   0,             0.50833,             0.31298,               0.312,              0.1083,             0.12018,            0.032265,                   0,             0.00604,             0.00604,             0.00604
                 122,             0.13041,            0.031003,                   0,             0.51556,             0.31235,             0.30883,             0.10703,             0.11981,            0.032762,                   0,            0.006007,            0.006007,            0.006007
                 123,             0.13077,            0.030502,                   0,             0.52967,             0.31183,              0.3169,             0.11142,              0.1192,            0.033169,                   0,            0.005974,            0.005974,            0.005974
                 124,             0.12988,            0.031653,                   0,             0.52798,             0.31734,             0.31675,              0.1107,             0.11958,            0.032609,                   0,            0.005941,            0.005941,            0.005941
                 125,             0.13086,            0.031184,                   0,             0.49605,             0.31956,             0.30707,             0.10006,             0.12007,            0.033221,                   0,            0.005908,            0.005908,            0.005908
                 126,             0.13068,            0.031522,                   0,             0.51185,             0.31695,             0.31479,             0.11233,             0.11975,            0.032648,                   0,            0.005875,            0.005875,            0.005875
                 127,             0.12969,            0.031407,                   0,             0.49241,             0.31124,             0.30643,             0.10145,              0.1202,            0.032631,                   0,            0.005842,            0.005842,            0.005842
                 128,              0.1306,            0.031709,                   0,             0.52175,             0.31647,             0.31674,             0.10688,             0.11994,            0.031927,                   0,            0.005809,            0.005809,            0.005809
                 129,             0.13116,             0.03014,                   0,              0.5039,              0.3217,             0.31934,             0.10889,             0.11958,             0.03255,                   0,            0.005776,            0.005776,            0.005776
                 130,              0.1302,            0.031962,                   0,             0.51617,             0.32115,             0.31441,             0.10908,             0.11912,            0.032941,                   0,            0.005743,            0.005743,            0.005743
                 131,             0.12826,            0.031458,                   0,             0.53383,              0.3267,             0.32845,             0.11484,             0.11863,            0.033272,                   0,             0.00571,             0.00571,             0.00571
                 132,             0.13075,            0.030128,                   0,             0.51213,             0.32916,             0.32519,             0.11403,             0.11916,             0.03255,                   0,            0.005677,            0.005677,            0.005677
                 133,             0.13058,            0.030657,                   0,              0.5134,             0.31147,             0.30609,             0.10229,             0.11961,            0.033546,                   0,            0.005644,            0.005644,            0.005644
                 134,             0.13014,            0.030017,                   0,             0.50595,             0.31806,             0.31759,             0.10691,             0.11945,            0.032344,                   0,            0.005611,            0.005611,            0.005611
                 135,             0.13021,            0.031118,                   0,             0.54034,              0.3198,             0.32126,             0.11085,             0.11891,            0.032796,                   0,            0.005578,            0.005578,            0.005578
                 136,             0.13103,            0.030682,                   0,             0.52747,             0.32202,             0.32018,             0.11075,             0.11905,             0.03316,                   0,            0.005545,            0.005545,            0.005545
                 137,             0.12947,            0.030952,                   0,             0.52447,             0.33471,             0.32938,               0.112,             0.11864,            0.033156,                   0,            0.005512,            0.005512,            0.005512
                 138,             0.13034,            0.031323,                   0,             0.52151,             0.33273,             0.32864,              0.1121,             0.11842,              0.0329,                   0,            0.005479,            0.005479,            0.005479
                 139,             0.12923,            0.031938,                   0,              0.5367,             0.33471,             0.32723,             0.11402,             0.11849,            0.033895,                   0,            0.005446,            0.005446,            0.005446
                 140,             0.12793,            0.031886,                   0,             0.53328,             0.32137,             0.32027,             0.10979,             0.11873,            0.033104,                   0,            0.005413,            0.005413,            0.005413
                 141,             0.12897,            0.030612,                   0,             0.51216,             0.33003,             0.32589,             0.11538,             0.11881,            0.031966,                   0,             0.00538,             0.00538,             0.00538
                 142,             0.12856,            0.031013,                   0,             0.53194,             0.32876,              0.3288,             0.11631,             0.11856,            0.033065,                   0,            0.005347,            0.005347,            0.005347
                 143,             0.12856,            0.031616,                   0,             0.51104,             0.32131,             0.31411,             0.10351,             0.11961,             0.03215,                   0,            0.005314,            0.005314,            0.005314
                 144,              0.1297,            0.031215,                   0,             0.54226,             0.33282,             0.34093,             0.12362,             0.11827,            0.031964,                   0,            0.005281,            0.005281,            0.005281
                 145,             0.12924,            0.031898,                   0,             0.54047,              0.3351,             0.33783,             0.11523,             0.11839,            0.032194,                   0,            0.005248,            0.005248,            0.005248
                 146,              0.1297,            0.031523,                   0,             0.53966,             0.32591,             0.32926,             0.11307,             0.11879,            0.032301,                   0,            0.005215,            0.005215,            0.005215
                 147,             0.12835,            0.031845,                   0,             0.53205,              0.3382,             0.33625,             0.11373,             0.11815,            0.032356,                   0,            0.005182,            0.005182,            0.005182
                 148,             0.12901,            0.030627,                   0,             0.55384,             0.33212,             0.33417,             0.11543,             0.11811,            0.032467,                   0,            0.005149,            0.005149,            0.005149
                 149,             0.12848,            0.030912,                   0,             0.52827,              0.3322,             0.32819,              0.1111,             0.11892,            0.031768,                   0,            0.005116,            0.005116,            0.005116
                 150,              0.1287,            0.031074,                   0,             0.54417,             0.33534,             0.33568,             0.11534,             0.11852,            0.032494,                   0,            0.005083,            0.005083,            0.005083
                 151,             0.12824,            0.031043,                   0,             0.55445,             0.33645,              0.3411,             0.11794,             0.11784,            0.032315,                   0,             0.00505,             0.00505,             0.00505
                 152,             0.12886,            0.030072,                   0,             0.51537,             0.33764,             0.33207,             0.11283,             0.11853,            0.032821,                   0,            0.005017,            0.005017,            0.005017
                 153,              0.1306,            0.029926,                   0,             0.53043,             0.34343,             0.33929,             0.11643,             0.11809,            0.031866,                   0,            0.004984,            0.004984,            0.004984
                 154,              0.1274,            0.031087,                   0,             0.55225,             0.34311,             0.34614,             0.12098,             0.11739,            0.032742,                   0,            0.004951,            0.004951,            0.004951
                 155,             0.13002,            0.031398,                   0,             0.53128,               0.342,             0.33907,             0.11931,             0.11792,            0.032419,                   0,            0.004918,            0.004918,            0.004918
                 156,             0.12968,             0.03125,                   0,             0.53276,             0.34208,             0.33867,             0.11528,             0.11821,            0.031547,                   0,            0.004885,            0.004885,            0.004885
                 157,             0.12724,            0.031293,                   0,             0.55086,             0.34391,             0.34755,             0.12072,             0.11744,            0.032482,                   0,            0.004852,            0.004852,            0.004852
                 158,             0.12836,            0.031152,                   0,             0.55078,             0.34502,              0.3489,             0.12025,              0.1175,            0.032032,                   0,            0.004819,            0.004819,            0.004819
                 159,             0.12913,            0.031108,                   0,             0.54085,             0.34375,             0.34271,             0.11844,             0.11778,            0.031828,                   0,            0.004786,            0.004786,            0.004786
                 160,             0.12723,            0.031655,                   0,             0.54772,             0.35263,             0.35342,             0.12659,             0.11737,             0.03262,                   0,            0.004753,            0.004753,            0.004753
                 161,              0.1278,            0.031034,                   0,             0.54019,             0.36052,             0.35763,             0.12497,             0.11721,            0.032701,                   0,             0.00472,             0.00472,             0.00472
                 162,             0.12953,            0.031023,                   0,             0.55578,             0.34902,             0.35202,             0.12035,             0.11759,            0.032096,                   0,            0.004687,            0.004687,            0.004687
                 163,             0.12799,              0.0323,                   0,             0.55924,             0.34469,             0.35269,             0.12457,             0.11681,            0.032502,                   0,            0.004654,            0.004654,            0.004654
                 164,             0.12755,            0.031707,                   0,             0.54356,             0.35112,             0.35887,             0.13082,             0.11685,            0.031941,                   0,            0.004621,            0.004621,            0.004621
                 165,             0.12807,            0.032174,                   0,              0.5561,             0.34311,             0.34895,             0.12127,             0.11745,            0.031667,                   0,            0.004588,            0.004588,            0.004588
                 166,              0.1266,            0.031498,                   0,             0.57042,             0.34724,             0.35743,             0.12698,             0.11664,            0.031996,                   0,            0.004555,            0.004555,            0.004555
                 167,             0.12824,            0.031511,                   0,             0.55167,             0.35233,             0.35664,             0.12254,             0.11704,            0.032352,                   0,            0.004522,            0.004522,            0.004522
                 168,             0.12893,            0.029223,                   0,             0.54507,             0.35184,             0.35672,             0.12457,             0.11692,            0.031916,                   0,            0.004489,            0.004489,            0.004489
                 169,             0.12863,            0.031062,                   0,             0.55362,              0.3581,             0.36044,              0.1286,             0.11664,            0.032183,                   0,            0.004456,            0.004456,            0.004456
                 170,             0.12674,            0.030694,                   0,             0.55437,             0.34985,             0.35742,             0.12507,             0.11715,             0.03134,                   0,            0.004423,            0.004423,            0.004423
                 171,             0.12735,            0.031874,                   0,             0.54267,             0.35755,             0.36028,             0.12399,              0.1168,            0.031726,                   0,             0.00439,             0.00439,             0.00439
                 172,             0.12776,            0.030974,                   0,              0.5602,             0.35675,             0.36138,              0.1222,             0.11709,            0.031346,                   0,            0.004357,            0.004357,            0.004357
                 173,             0.12857,            0.031048,                   0,             0.56057,             0.36719,             0.37046,             0.13356,             0.11604,            0.032163,                   0,            0.004324,            0.004324,            0.004324
                 174,             0.12814,            0.030141,                   0,             0.56161,             0.36762,             0.37075,             0.13414,             0.11635,            0.031515,                   0,            0.004291,            0.004291,            0.004291
                 175,             0.12911,            0.030844,                   0,             0.56604,             0.35366,             0.36416,             0.13079,             0.11658,            0.031862,                   0,            0.004258,            0.004258,            0.004258
                 176,             0.12759,            0.031109,                   0,             0.57644,             0.35414,             0.36514,              0.1291,             0.11622,             0.03155,                   0,            0.004225,            0.004225,            0.004225
                 177,             0.12688,            0.031596,                   0,             0.56776,             0.36153,             0.36389,             0.12705,             0.11613,            0.031693,                   0,            0.004192,            0.004192,            0.004192
                 178,             0.12774,            0.030725,                   0,             0.55656,             0.36072,             0.36776,             0.13181,             0.11633,            0.031108,                   0,            0.004159,            0.004159,            0.004159
                 179,             0.12729,            0.032241,                   0,              0.5683,             0.35643,             0.36753,             0.13249,              0.1163,            0.031655,                   0,            0.004126,            0.004126,            0.004126
                 180,              0.1281,             0.03042,                   0,             0.57154,             0.36024,             0.36907,             0.13354,             0.11622,            0.031396,                   0,            0.004093,            0.004093,            0.004093
                 181,             0.12782,            0.030143,                   0,              0.5761,             0.36175,             0.37421,              0.1344,             0.11631,            0.031285,                   0,             0.00406,             0.00406,             0.00406
                 182,             0.12861,            0.030138,                   0,             0.55536,             0.36299,             0.36668,             0.12463,             0.11668,            0.031537,                   0,            0.004027,            0.004027,            0.004027
                 183,             0.12604,            0.030528,                   0,             0.57359,             0.36298,             0.36938,             0.13101,              0.1159,            0.031955,                   0,            0.003994,            0.003994,            0.003994
                 184,             0.12688,            0.030546,                   0,             0.57548,             0.36619,             0.37077,             0.13525,             0.11597,            0.031342,                   0,            0.003961,            0.003961,            0.003961
                 185,             0.12761,            0.029951,                   0,             0.57516,             0.36722,             0.37362,             0.13252,             0.11597,            0.031178,                   0,            0.003928,            0.003928,            0.003928
                 186,             0.12755,            0.031502,                   0,              0.5589,             0.37118,              0.3738,             0.13076,             0.11607,            0.031376,                   0,            0.003895,            0.003895,            0.003895
                 187,             0.12631,            0.031166,                   0,             0.56448,             0.37079,             0.37123,             0.13083,             0.11608,            0.031151,                   0,            0.003862,            0.003862,            0.003862
                 188,              0.1282,            0.030696,                   0,             0.57778,             0.36865,             0.37357,             0.12793,             0.11609,            0.031618,                   0,            0.003829,            0.003829,            0.003829
                 189,             0.12738,            0.030726,                   0,             0.58122,             0.36674,             0.37882,              0.1342,             0.11563,            0.031416,                   0,            0.003796,            0.003796,            0.003796
                 190,             0.12772,            0.030843,                   0,             0.56584,              0.3696,             0.37237,              0.1325,             0.11587,            0.031556,                   0,            0.003763,            0.003763,            0.003763
                 191,             0.12795,            0.030401,                   0,             0.58312,             0.37039,              0.3761,             0.13164,             0.11566,            0.031233,                   0,             0.00373,             0.00373,             0.00373
                 192,               0.127,            0.029993,                   0,             0.59501,             0.36666,             0.38449,             0.13747,             0.11564,            0.030934,                   0,            0.003697,            0.003697,            0.003697
                 193,             0.12701,            0.029942,                   0,             0.57394,             0.36841,             0.37859,             0.13396,              0.1157,            0.031404,                   0,            0.003664,            0.003664,            0.003664
                 194,             0.12616,            0.030223,                   0,             0.56837,              0.3742,             0.37968,             0.13422,             0.11553,            0.031131,                   0,            0.003631,            0.003631,            0.003631
                 195,             0.12663,            0.031586,                   0,              0.5747,             0.37681,             0.38444,             0.13833,             0.11545,            0.031139,                   0,            0.003598,            0.003598,            0.003598
                 196,              0.1267,            0.030779,                   0,             0.58118,             0.36742,             0.38042,             0.13691,             0.11561,            0.031282,                   0,            0.003565,            0.003565,            0.003565
                 197,              0.1264,             0.03072,                   0,             0.57605,             0.37158,             0.37947,             0.13219,             0.11574,            0.031328,                   0,            0.003532,            0.003532,            0.003532
                 198,             0.12795,            0.030556,                   0,             0.59444,             0.36984,              0.3848,             0.13801,             0.11543,            0.031016,                   0,            0.003499,            0.003499,            0.003499
                 199,             0.12753,            0.029473,                   0,             0.57463,               0.376,             0.38587,             0.13888,             0.11511,            0.030972,                   0,            0.003466,            0.003466,            0.003466
                 200,             0.12669,            0.030652,                   0,               0.591,             0.37428,             0.38565,              0.1365,             0.11505,            0.031345,                   0,            0.003433,            0.003433,            0.003433
                 201,             0.12688,            0.031217,                   0,             0.58946,             0.37769,             0.38912,             0.13812,             0.11522,            0.031179,                   0,              0.0034,              0.0034,              0.0034
                 202,             0.12614,            0.030333,                   0,             0.56961,             0.37655,             0.38512,             0.13943,             0.11528,            0.030908,                   0,            0.003367,            0.003367,            0.003367
                 203,             0.12525,            0.030556,                   0,             0.57627,             0.38305,             0.39097,             0.14227,             0.11482,            0.031221,                   0,            0.003334,            0.003334,            0.003334
                 204,              0.1266,            0.029813,                   0,             0.56957,             0.38451,             0.38601,             0.13562,             0.11516,            0.031167,                   0,            0.003301,            0.003301,            0.003301
                 205,             0.12625,            0.030005,                   0,             0.58804,             0.37792,              0.3915,             0.14021,             0.11515,              0.0312,                   0,            0.003268,            0.003268,            0.003268
                 206,              0.1257,            0.031334,                   0,             0.57877,              0.3788,             0.39003,             0.13975,             0.11504,            0.030815,                   0,            0.003235,            0.003235,            0.003235
                 207,             0.12686,            0.029389,                   0,             0.59757,             0.37561,             0.39096,             0.13982,             0.11514,            0.030809,                   0,            0.003202,            0.003202,            0.003202
                 208,             0.12538,            0.030421,                   0,             0.58652,             0.37673,             0.38696,             0.13385,             0.11547,            0.030831,                   0,            0.003169,            0.003169,            0.003169
                 209,             0.12615,            0.030913,                   0,             0.59353,             0.37777,             0.39162,               0.138,             0.11495,             0.03105,                   0,            0.003136,            0.003136,            0.003136
                 210,              0.1257,            0.030469,                   0,             0.60276,             0.38466,             0.40106,             0.14409,             0.11453,            0.030879,                   0,            0.003103,            0.003103,            0.003103
                 211,             0.12496,            0.030177,                   0,             0.58522,             0.38621,             0.39575,             0.14122,             0.11456,            0.031012,                   0,             0.00307,             0.00307,             0.00307
                 212,             0.12535,            0.031515,                   0,             0.58001,             0.37832,              0.3866,             0.13552,             0.11491,            0.030863,                   0,            0.003037,            0.003037,            0.003037
                 213,             0.12644,            0.029546,                   0,              0.5976,             0.38413,             0.40097,             0.14624,              0.1144,            0.030386,                   0,            0.003004,            0.003004,            0.003004
                 214,             0.12558,            0.030424,                   0,             0.60356,             0.38535,              0.4039,             0.14599,             0.11421,            0.030656,                   0,            0.002971,            0.002971,            0.002971
                 215,             0.12543,            0.030259,                   0,             0.59508,             0.38577,             0.39846,             0.14371,             0.11461,            0.030732,                   0,            0.002938,            0.002938,            0.002938
                 216,             0.12589,            0.029487,                   0,             0.60315,             0.38276,             0.39604,             0.14382,             0.11458,            0.030603,                   0,            0.002905,            0.002905,            0.002905
                 217,             0.12554,             0.03058,                   0,             0.60175,             0.38451,             0.39692,             0.14266,             0.11438,            0.030509,                   0,            0.002872,            0.002872,            0.002872
                 218,             0.12594,             0.03035,                   0,             0.60261,             0.38514,              0.3987,             0.14286,             0.11448,             0.03064,                   0,            0.002839,            0.002839,            0.002839
                 219,              0.1254,            0.030932,                   0,              0.5941,             0.38545,              0.3989,             0.14581,             0.11433,            0.030589,                   0,            0.002806,            0.002806,            0.002806
                 220,             0.12524,            0.029717,                   0,             0.58413,             0.38665,             0.39739,             0.14149,             0.11457,            0.030789,                   0,            0.002773,            0.002773,            0.002773
                 221,             0.12529,            0.029767,                   0,              0.6039,             0.38887,             0.40491,             0.14534,             0.11436,             0.03047,                   0,             0.00274,             0.00274,             0.00274
                 222,              0.1249,            0.029905,                   0,             0.60332,             0.38967,             0.40496,             0.14773,              0.1141,            0.030599,                   0,            0.002707,            0.002707,            0.002707
                 223,             0.12651,            0.030133,                   0,             0.60179,             0.38958,             0.40306,             0.14335,             0.11406,            0.030786,                   0,            0.002674,            0.002674,            0.002674
                 224,             0.12679,            0.029592,                   0,             0.60488,              0.3876,             0.40176,             0.14485,             0.11396,            0.030856,                   0,            0.002641,            0.002641,            0.002641
                 225,             0.12496,            0.030025,                   0,             0.60794,             0.38831,             0.39985,             0.14248,             0.11416,            0.030796,                   0,            0.002608,            0.002608,            0.002608
                 226,             0.12515,            0.030787,                   0,             0.60927,             0.38838,             0.40681,             0.14785,             0.11411,             0.03041,                   0,            0.002575,            0.002575,            0.002575
                 227,             0.12571,            0.029992,                   0,             0.60122,             0.39029,             0.40595,             0.14657,             0.11387,            0.030705,                   0,            0.002542,            0.002542,            0.002542
                 228,             0.12428,            0.031396,                   0,             0.60076,             0.39424,             0.40811,             0.14393,             0.11395,            0.030816,                   0,            0.002509,            0.002509,            0.002509
                 229,             0.12534,            0.031056,                   0,              0.6024,             0.39156,             0.40682,             0.14799,             0.11366,            0.030625,                   0,            0.002476,            0.002476,            0.002476
                 230,             0.12503,            0.029988,                   0,             0.60558,             0.39307,             0.40869,             0.14676,             0.11358,            0.030664,                   0,            0.002443,            0.002443,            0.002443
                 231,             0.12556,            0.030517,                   0,             0.60609,             0.39307,              0.4121,             0.14802,              0.1135,            0.030626,                   0,             0.00241,             0.00241,             0.00241
                 232,             0.12591,            0.029951,                   0,             0.60101,             0.39616,              0.4108,             0.14688,             0.11352,            0.030711,                   0,            0.002377,            0.002377,            0.002377
                 233,             0.12352,            0.030241,                   0,             0.58289,             0.40282,             0.40945,             0.14236,             0.11374,             0.03088,                   0,            0.002344,            0.002344,            0.002344
                 234,             0.12446,            0.030181,                   0,             0.60761,              0.3964,             0.41321,             0.14991,             0.11334,            0.030624,                   0,            0.002311,            0.002311,            0.002311
                 235,             0.12457,              0.0296,                   0,             0.59916,             0.40086,             0.41381,             0.15098,             0.11343,            0.030591,                   0,            0.002278,            0.002278,            0.002278
                 236,              0.1255,            0.030165,                   0,              0.6026,             0.39824,             0.41197,             0.14802,              0.1135,            0.030281,                   0,            0.002245,            0.002245,            0.002245
                 237,             0.12499,            0.030032,                   0,             0.59775,             0.39783,             0.40937,             0.14294,             0.11386,            0.030592,                   0,            0.002212,            0.002212,            0.002212
                 238,             0.12454,            0.031624,                   0,             0.60181,             0.40316,              0.4152,               0.149,              0.1134,            0.030449,                   0,            0.002179,            0.002179,            0.002179
                 239,             0.12346,            0.029797,                   0,             0.61097,             0.40108,             0.41612,             0.15036,             0.11317,            0.030723,                   0,            0.002146,            0.002146,            0.002146
                 240,             0.12482,            0.029587,                   0,             0.61437,             0.40451,             0.41997,             0.15115,             0.11318,            0.030779,                   0,            0.002113,            0.002113,            0.002113
                 241,             0.12532,            0.030066,                   0,             0.60891,             0.40371,             0.41703,             0.15075,              0.1132,            0.030337,                   0,             0.00208,             0.00208,             0.00208
                 242,             0.12431,            0.029812,                   0,             0.60378,             0.40275,             0.41398,             0.14935,             0.11324,             0.03062,                   0,            0.002047,            0.002047,            0.002047
                 243,             0.12436,            0.029219,                   0,             0.61672,             0.40243,             0.41809,             0.15301,             0.11293,            0.030437,                   0,            0.002014,            0.002014,            0.002014
                 244,             0.12453,            0.030471,                   0,             0.61549,             0.40211,             0.41959,             0.15313,             0.11311,            0.030409,                   0,            0.001981,            0.001981,            0.001981
                 245,              0.1243,            0.029698,                   0,             0.61297,             0.40409,              0.4191,             0.15179,             0.11328,            0.030332,                   0,            0.001948,            0.001948,            0.001948
                 246,             0.12424,            0.031333,                   0,             0.60061,             0.39949,             0.41363,             0.14857,             0.11333,            0.030329,                   0,            0.001915,            0.001915,            0.001915
                 247,             0.12277,            0.030744,                   0,              0.6081,               0.401,              0.4167,             0.15163,             0.11313,             0.03063,                   0,            0.001882,            0.001882,            0.001882
                 248,               0.124,            0.029724,                   0,             0.60901,              0.4033,             0.41836,             0.15103,             0.11309,            0.030224,                   0,            0.001849,            0.001849,            0.001849
                 249,             0.12439,            0.029749,                   0,             0.62231,             0.39615,             0.41718,             0.15061,             0.11311,            0.030115,                   0,            0.001816,            0.001816,            0.001816
                 250,             0.12498,            0.029181,                   0,             0.61346,             0.40409,             0.41926,             0.15177,             0.11294,            0.030343,                   0,            0.001783,            0.001783,            0.001783
                 251,             0.12452,            0.029458,                   0,             0.60826,             0.40132,              0.4157,             0.14892,             0.11319,            0.030391,                   0,             0.00175,             0.00175,             0.00175
                 252,             0.12342,            0.029281,                   0,             0.60784,             0.40132,             0.41711,             0.14924,             0.11304,            0.030302,                   0,            0.001717,            0.001717,            0.001717
                 253,             0.12437,            0.030922,                   0,             0.61186,             0.40201,             0.42223,             0.15206,             0.11289,            0.030108,                   0,            0.001684,            0.001684,            0.001684
                 254,             0.12305,            0.031185,                   0,             0.63601,             0.40237,             0.42952,             0.15759,             0.11253,            0.030257,                   0,            0.001651,            0.001651,            0.001651
                 255,             0.12576,            0.029655,                   0,             0.62193,             0.40243,              0.4246,              0.1533,             0.11284,            0.030043,                   0,            0.001618,            0.001618,            0.001618
                 256,             0.12326,             0.02947,                   0,             0.61899,             0.40734,             0.42607,             0.15409,             0.11275,            0.029948,                   0,            0.001585,            0.001585,            0.001585
                 257,             0.12316,            0.030715,                   0,             0.61302,             0.41036,             0.42522,             0.15427,             0.11275,            0.029925,                   0,            0.001552,            0.001552,            0.001552
                 258,             0.12414,            0.028654,                   0,             0.61736,             0.41139,             0.42947,             0.15611,             0.11255,            0.030034,                   0,            0.001519,            0.001519,            0.001519
                 259,             0.12344,            0.029886,                   0,             0.61405,             0.41202,             0.42953,             0.15667,              0.1126,            0.029807,                   0,            0.001486,            0.001486,            0.001486
                 260,             0.12391,             0.02979,                   0,               0.615,             0.41162,             0.42789,             0.15419,             0.11273,            0.029913,                   0,            0.001453,            0.001453,            0.001453
                 261,             0.12427,            0.030073,                   0,             0.61584,             0.40774,             0.42895,             0.15275,             0.11268,            0.029909,                   0,             0.00142,             0.00142,             0.00142
                 262,             0.12525,            0.030316,                   0,             0.61667,             0.41432,             0.43253,             0.15462,              0.1126,            0.029861,                   0,            0.001387,            0.001387,            0.001387
                 263,             0.12334,            0.029809,                   0,             0.61049,              0.4171,             0.42899,             0.15548,             0.11247,            0.029762,                   0,            0.001354,            0.001354,            0.001354
                 264,             0.12361,            0.029493,                   0,             0.61387,              0.4167,             0.43215,             0.15699,             0.11231,            0.029665,                   0,            0.001321,            0.001321,            0.001321
                 265,             0.12382,             0.03011,                   0,              0.6223,             0.41718,             0.43573,             0.16045,             0.11217,             0.02965,                   0,            0.001288,            0.001288,            0.001288
                 266,             0.12314,            0.030662,                   0,             0.61753,             0.41797,              0.4334,             0.15886,             0.11226,            0.029715,                   0,            0.001255,            0.001255,            0.001255
                 267,             0.12355,            0.028456,                   0,              0.6198,             0.41728,             0.43495,             0.15845,             0.11218,            0.029698,                   0,            0.001222,            0.001222,            0.001222
                 268,             0.12302,            0.029379,                   0,             0.62421,             0.41678,             0.43377,             0.15957,             0.11211,            0.029745,                   0,            0.001189,            0.001189,            0.001189
                 269,             0.12359,            0.029395,                   0,             0.62284,             0.41599,             0.43254,             0.15877,             0.11215,            0.029846,                   0,            0.001156,            0.001156,            0.001156
                 270,             0.12438,            0.028976,                   0,             0.62566,              0.4119,             0.43234,             0.15879,             0.11226,             0.02988,                   0,            0.001123,            0.001123,            0.001123
                 271,             0.12369,            0.029989,                   0,              0.6217,             0.41162,             0.43144,             0.15886,             0.11224,            0.029778,                   0,             0.00109,             0.00109,             0.00109
                 272,             0.12267,            0.029297,                   0,             0.62706,             0.41472,             0.43521,             0.15933,             0.11204,            0.029769,                   0,            0.001057,            0.001057,            0.001057
                 273,              0.1222,            0.030803,                   0,             0.63717,             0.41155,             0.43291,             0.15754,             0.11227,            0.029758,                   0,            0.001024,            0.001024,            0.001024
                 274,             0.12265,            0.029119,                   0,             0.63319,             0.41575,             0.43747,             0.15973,             0.11206,            0.029916,                   0,            0.000991,            0.000991,            0.000991
                 275,             0.12218,            0.029185,                   0,             0.62164,             0.41749,             0.43734,             0.15881,             0.11215,            0.029842,                   0,            0.000958,            0.000958,            0.000958
                 276,             0.12439,            0.030121,                   0,             0.62529,             0.41614,             0.43641,             0.15932,             0.11216,            0.029766,                   0,            0.000925,            0.000925,            0.000925
                 277,             0.12221,            0.029108,                   0,             0.62473,             0.41912,             0.43842,             0.15836,             0.11199,            0.029873,                   0,            0.000892,            0.000892,            0.000892
                 278,              0.1221,            0.028998,                   0,             0.62775,             0.41741,             0.44031,             0.15986,             0.11198,            0.029713,                   0,            0.000859,            0.000859,            0.000859
                 279,             0.12228,            0.029773,                   0,             0.62854,             0.41646,             0.43848,             0.15899,             0.11201,            0.029738,                   0,            0.000826,            0.000826,            0.000826
                 280,             0.12419,            0.029269,                   0,             0.62593,             0.41743,             0.43815,             0.15857,             0.11198,            0.029882,                   0,            0.000793,            0.000793,            0.000793
                 281,             0.12278,            0.029427,                   0,             0.61853,             0.41916,             0.43724,             0.15892,             0.11202,            0.029727,                   0,             0.00076,             0.00076,             0.00076
                 282,              0.1234,            0.029401,                   0,             0.62169,             0.41789,              0.4376,             0.15899,             0.11203,            0.029773,                   0,            0.000727,            0.000727,            0.000727
                 283,             0.12307,            0.028827,                   0,             0.61893,             0.42098,             0.43654,             0.15912,             0.11192,            0.029794,                   0,            0.000694,            0.000694,            0.000694
                 284,             0.12242,             0.02891,                   0,             0.62297,             0.42249,             0.44042,             0.15903,             0.11185,             0.02978,                   0,            0.000661,            0.000661,            0.000661
                 285,             0.12291,            0.029362,                   0,             0.62523,             0.42027,             0.43755,             0.15783,             0.11193,            0.029775,                   0,            0.000628,            0.000628,            0.000628
                 286,             0.12327,            0.029267,                   0,             0.62663,             0.42002,             0.43806,             0.15833,             0.11187,             0.02974,                   0,            0.000595,            0.000595,            0.000595
                 287,             0.12283,            0.028868,                   0,             0.63202,             0.41266,             0.43515,             0.15842,             0.11192,            0.029705,                   0,            0.000562,            0.000562,            0.000562
                 288,             0.12251,            0.028288,                   0,             0.63022,             0.41646,             0.43813,              0.1593,             0.11183,            0.029644,                   0,            0.000529,            0.000529,            0.000529
                 289,             0.12098,            0.028988,                   0,             0.62749,             0.41595,             0.43581,             0.15894,             0.11186,            0.029622,                   0,            0.000496,            0.000496,            0.000496
                 290,             0.12312,            0.029591,                   0,             0.63194,             0.41789,             0.44061,             0.16148,             0.11174,            0.029616,                   0,            0.000463,            0.000463,            0.000463
                 291,             0.12122,            0.029331,                   0,             0.63032,             0.41979,             0.44002,              0.1605,             0.11175,            0.029633,                   0,             0.00043,             0.00043,             0.00043
                 292,             0.12352,            0.027944,                   0,             0.62784,             0.42249,             0.44129,             0.16013,             0.11172,            0.029692,                   0,            0.000397,            0.000397,            0.000397
                 293,             0.12307,            0.029041,                   0,             0.61947,              0.4232,             0.44081,             0.16059,             0.11169,            0.029667,                   0,            0.000364,            0.000364,            0.000364
                 294,             0.12286,            0.028561,                   0,             0.62362,             0.42253,             0.44104,             0.16085,             0.11163,            0.029627,                   0,            0.000331,            0.000331,            0.000331
                 295,             0.12193,              0.0296,                   0,              0.6333,             0.41971,             0.44239,             0.16107,             0.11165,            0.029589,                   0,            0.000298,            0.000298,            0.000298
                 296,              0.1231,            0.028843,                   0,              0.6302,             0.42281,             0.44256,             0.16027,             0.11161,            0.029645,                   0,            0.000265,            0.000265,            0.000265
                 297,             0.12342,            0.028747,                   0,              0.6296,             0.42304,              0.4426,             0.16002,             0.11165,            0.029667,                   0,            0.000232,            0.000232,            0.000232
                 298,             0.12258,            0.029222,                   0,             0.62831,             0.42463,             0.44521,             0.16088,              0.1116,            0.029607,                   0,            0.000199,            0.000199,            0.000199
                 299,             0.12133,            0.028448,                   0,             0.63343,             0.42162,             0.44472,             0.16057,             0.11165,            0.029665,                   0,            0.000166,            0.000166,            0.000166
